slug,suggested_module,phase,notes
hashmap-resize-rehash-internals,java-collections,A,"Relabel browse; URL unchanged"
how-does-hashmap-work-internally-java,java-collections,A,"Relabel browse; URL unchanged"
how-java-garbage-collection-works,jvm-internals,A,"Relabel browse; URL unchanged"
java-stream-collectors-groupingby-tomap,java-streams,A,"Relabel browse; URL unchanged"
java-stream-map-vs-flatmap-difference,java-streams,A,"Relabel browse; URL unchanged"
java-streams-lazy-evaluation-common-operations,java-streams,A,"Relabel browse; URL unchanged"
parallel-streams-java,java-concurrency,A,"Relabel browse; URL unchanged"
stream-collectors-joining-reducing,java-streams,A,"Relabel browse; URL unchanged"
weak-soft-phantom-references,jvm-internals,A,"Relabel browse; URL unchanged"
